{"percentages":[
  {"desc":"5% of the song","perc":"5"},
  {"desc":"10% of the song","perc":"10"},
  {"desc":"15% of the song","perc":"15"},
  {"desc":"20% of the song","perc":"20"},
  {"desc":"25% of the song","perc":"25"},
  {"desc":"30% of the song","perc":"30"},
  {"desc":"35% of the song","perc":"35"},
  {"desc":"40% of the song","perc":"40"},
  {"desc":"45% of the song","perc":"45"},
  {"desc":"50% of the song","perc":"50"},
  {"desc":"55% of the song","perc":"55"},
  {"desc":"60% of the song","perc":"60"},
  {"desc":"65% of the song","perc":"65"},
  {"desc":"70% of the song","perc":"70"},
  {"desc":"75% of the song","perc":"75"},
  {"desc":"80% of the song","perc":"80"},
  {"desc":"85% of the song","perc":"85"},
  {"desc":"90% of the song","perc":"90"},
  {"desc":"95% of the song","perc":"95"},
  {"desc":"99% of the song","perc":"99"}
]}